motif_id	motif_alt_id	sequence_name	start	stop	strand	score	p.value	q.value	matched_sequence
Hsapiens-jaspar2018-REL-MA0101.1	NA	chr3:128383794-128384794	517	526	+	13.7667	9.36e-06	NA	CGGGGTTTCC
Hsapiens-jaspar2018-NR1H2::RXRA-MA0115.1	NA	chr3:128383794-128384794	883	899	+	4.29213	3.65e-06	NA	ACACGTCCAAGGTCAAG
Hsapiens-jaspar2018-PLAG1-MA0163.1	NA	chr3:128383794-128384794	840	853	-	13.6629	3.52e-06	NA	GGGGCTCAGGGGTA
Hsapiens-jaspar2018-RFX5-MA0510.1	NA	chr3:128383794-128384794	794	808	-	15.1236	4.31e-06	NA	ATCCCCAGCAACTGG
Hsapiens-jaspar2018-TP63-MA0525.1	NA	chr3:128383794-128384794	86	105	+	14.4944	6.18e-06	NA	GCACAGGCCCACGCCAGCCC
Hsapiens-jaspar2018-TP63-MA0525.1	NA	chr3:128383794-128384794	777	796	+	16.2809	1.51e-06	NA	ACGCATGCACAAGCACGCCA
Hsapiens-jaspar2018-NFKB1-MA0105.3	NA	chr3:128383794-128384794	518	528	+	14.5955	9.34e-06	NA	GGGGTTTCCCC
Hsapiens-jaspar2018-TP53-MA0106.2	NA	chr3:128383794-128384794	779	793	+	14.6742	4.5e-06	NA	GCATGCACAAGCACG
Hsapiens-jaspar2018-ESRRA-MA0592.1	NA	chr3:128383794-128384794	889	899	+	15.0899	4.93e-06	NA	CCAAGGTCAAG
Hsapiens-jaspar2018-EBF1-MA0154.3	NA	chr3:128383794-128384794	848	861	+	17.6629	8.22e-07	NA	AGCCCCTAGGGAAT
Hsapiens-jaspar2018-EBF1-MA0154.3	NA	chr3:128383794-128384794	848	861	-	17.1798	1.17e-06	NA	ATTCCCTAGGGGCT
Hsapiens-jaspar2018-ESRRB-MA0141.3	NA	chr3:128383794-128384794	889	899	+	14.5281	7.12e-06	NA	CCAAGGTCAAG
Hsapiens-jaspar2018-HIC2-MA0738.1	NA	chr3:128383794-128384794	742	750	-	12.2022	9.5e-06	NA	GTGCCCGCC
Hsapiens-jaspar2018-LEF1-MA0768.1	NA	chr3:128383794-128384794	267	281	-	15.2333	3.35e-06	NA	AAAGATCAAAAAGAA
Hsapiens-jaspar2018-NFKB1-MA0105.4	NA	chr3:128383794-128384794	517	529	+	13.5955	2.49e-06	NA	CGGGGTTTCCCCT
Hsapiens-jaspar2018-NFKB1-MA0105.4	NA	chr3:128383794-128384794	517	529	-	13.8539	2.22e-06	NA	AGGGGAAACCCCG
Hsapiens-jaspar2018-NFKB2-MA0778.1	NA	chr3:128383794-128384794	517	529	+	17.2022	1.2e-06	NA	CGGGGTTTCCCCT
Hsapiens-jaspar2018-NFKB2-MA0778.1	NA	chr3:128383794-128384794	517	529	-	17.0787	1.32e-06	NA	AGGGGAAACCCCG
Hsapiens-jaspar2018-PRDM1-MA0508.2	NA	chr3:128383794-128384794	282	291	-	14.7191	4.03e-06	NA	CCACTTTCAC
Hsapiens-HOCOMOCOv10-ASCL2_HUMAN.H10MO.D	NA	chr3:128383794-128384794	59	72	+	13.0667	8.07e-06	NA	GAGAGTAGCTGGTG
Hsapiens-HOCOMOCOv10-CLOCK_HUMAN.H10MO.D	NA	chr3:128383794-128384794	746	765	-	15.7528	2.22e-06	NA	TGCTGGGAGAGACGGGTGCC
Hsapiens-HOCOMOCOv10-COE1_HUMAN.H10MO.A	NA	chr3:128383794-128384794	847	861	+	16.1011	2.12e-06	NA	GAGCCCCTAGGGAAT
Hsapiens-HOCOMOCOv10-ELK3_HUMAN.H10MO.D	NA	chr3:128383794-128384794	297	308	+	14.6292	7.11e-06	NA	CCCAGGAAGCCC
Hsapiens-HOCOMOCOv10-ERR2_HUMAN.H10MO.A	NA	chr3:128383794-128384794	889	897	+	15.2755	7.34e-06	NA	CCAAGGTCA
Hsapiens-HOCOMOCOv10-MAFA_HUMAN.H10MO.D	NA	chr3:128383794-128384794	369	389	-	14.0787	7.18e-06	NA	AGGCTGTCTCTCCACCCTCCT
Hsapiens-HOCOMOCOv10-MAFA_HUMAN.H10MO.D	NA	chr3:128383794-128384794	677	697	+	14.573	4.93e-06	NA	GTGCTCAGGACCCAGCATACA
Hsapiens-HOCOMOCOv10-MCR_HUMAN.H10MO.D	NA	chr3:128383794-128384794	897	913	+	15.5714	1.38e-06	NA	AAGAACTCGTTGAGGGA
Hsapiens-HOCOMOCOv10-MYOG_HUMAN.H10MO.D	NA	chr3:128383794-128384794	605	617	-	14.6517	6.08e-06	NA	TGGCAGCTGGACC
Hsapiens-HOCOMOCOv10-NFKB1_HUMAN.H10MO.B	NA	chr3:128383794-128384794	518	528	-	16.3222	1.63e-06	NA	GGGGAAACCCC
Hsapiens-HOCOMOCOv10-NR5A2_HUMAN.H10MO.C	NA	chr3:128383794-128384794	888	897	+	14.3708	3.67e-06	NA	TCCAAGGTCA
Hsapiens-HOCOMOCOv10-P53_HUMAN.H10MO.B	NA	chr3:128383794-128384794	777	796	-	14.8539	3.37e-06	NA	TGGCGTGCTTGTGCATGCGT
Hsapiens-HOCOMOCOv10-P73_HUMAN.H10MO.A	NA	chr3:128383794-128384794	777	796	-	16.4404	1.42e-06	NA	TGGCGTGCTTGTGCATGCGT
Hsapiens-HOCOMOCOv10-REL_HUMAN.H10MO.C	NA	chr3:128383794-128384794	516	527	+	14.0778	5.99e-06	NA	TCGGGGTTTCCC
Hsapiens-HOCOMOCOv10-RFX5_HUMAN.H10MO.A	NA	chr3:128383794-128384794	790	809	+	16.8732	4.56e-07	NA	CACGCCAGTTGCTGGGGATG
Hsapiens-HOCOMOCOv10-SRBP2_HUMAN.H10MO.B	NA	chr3:128383794-128384794	386	398	+	13.9091	2.35e-06	NA	GCCTGGGGAGAGG
Hsapiens-HOCOMOCOv10-STF1_HUMAN.H10MO.B	NA	chr3:128383794-128384794	889	897	+	13.7778	7.34e-06	NA	CCAAGGTCA
Hsapiens-HOCOMOCOv10-TBX15_HUMAN.H10MO.D	NA	chr3:128383794-128384794	803	821	+	14.3303	4.94e-06	NA	GGGGATGGAGTGGAGGGTA
Hsapiens-HOCOMOCOv10-TBX1_HUMAN.H10MO.D	NA	chr3:128383794-128384794	660	679	+	13.3119	6.52e-06	NA	GTGAGTGTGGGGGTGAAGTG
Hsapiens-HOCOMOCOv10-TF65_HUMAN.H10MO.A	NA	chr3:128383794-128384794	518	528	+	15.9663	3.02e-06	NA	GGGGTTTCCCC
Hsapiens-HOCOMOCOv10-ZBT7A_HUMAN.H10MO.D	NA	chr3:128383794-128384794	67	83	-	14.0449	3.02e-06	NA	GGCCCTGGGCACACCAG
Hsapiens-HOCOMOCOv10-ZEP2_HUMAN.H10MO.D	NA	chr3:128383794-128384794	518	531	-	13.9783	3.79e-06	NA	GCAGGGGAAACCCC
Hsapiens-HOCOMOCOv10-ZEP2_HUMAN.H10MO.D	NA	chr3:128383794-128384794	951	964	-	14	3.7e-06	NA	GCTTGGGAAACAGC
Hsapiens-HOCOMOCOv10-ZN143_HUMAN.H10MO.A	NA	chr3:128383794-128384794	752	773	-	13.2022	9.09e-06	NA	TGTGGGAATGCTGGGAGAGACG
Hsapiens-HOCOMOCOv10-ZN524_HUMAN.H10MO.D	NA	chr3:128383794-128384794	809	826	+	14.2022	6.47e-06	NA	GGAGTGGAGGGTACAAGG
Hsapiens-HOCOMOCOv10-ZN639_HUMAN.H10MO.D	NA	chr3:128383794-128384794	80	99	-	13.7333	8.3e-06	NA	GCGTGGGCCTGTGCTGGGCC
Hsapiens-HOCOMOCOv10-ZN639_HUMAN.H10MO.D	NA	chr3:128383794-128384794	301	320	+	14.1667	6.07e-06	NA	GGAAGCCCAGGCACAGAGCC
Hsapiens-SwissRegulon-CHD1.SwissRegulon	NA	chr3:128383794-128384794	368	382	-	13.7333	8.88e-06	NA	CTCTCCACCCTCCTC
Hsapiens-SwissRegulon-EBF1.SwissRegulon	NA	chr3:128383794-128384794	850	859	+	14.6517	3.83e-06	NA	CCCCTAGGGA
Hsapiens-SwissRegulon-EBF3.SwissRegulon	NA	chr3:128383794-128384794	849	859	+	15.8989	3.99e-06	NA	GCCCCTAGGGA
Hsapiens-SwissRegulon-ESRRB.SwissRegulon	NA	chr3:128383794-128384794	889	899	+	14.5281	7.12e-06	NA	CCAAGGTCAAG
Hsapiens-SwissRegulon-ESRRG.SwissRegulon	NA	chr3:128383794-128384794	889	898	+	14.8427	7.15e-06	NA	CCAAGGTCAA
Hsapiens-SwissRegulon-EZH2.SwissRegulon	NA	chr3:128383794-128384794	377	386	-	10.9239	5.12e-06	NA	CTGTCTCTCC
Hsapiens-SwissRegulon-GCM1.SwissRegulon	NA	chr3:128383794-128384794	741	756	+	14.427	5.35e-06	NA	AGGCGGGCACCCGTCT
Hsapiens-SwissRegulon-GCM1.SwissRegulon	NA	chr3:128383794-128384794	741	756	-	16.5955	1.41e-06	NA	AGACGGGTGCCCGCCT
Hsapiens-SwissRegulon-GTF2F1.SwissRegulon	NA	chr3:128383794-128384794	367	386	+	13.9457	9.09e-06	NA	GGAGGAGGGTGGAGAGACAG
Hsapiens-SwissRegulon-GTF2F1.SwissRegulon	NA	chr3:128383794-128384794	381	400	+	15.2935	3.14e-06	NA	AGACAGCCTGGGGAGAGGTG
Hsapiens-SwissRegulon-HIC1.SwissRegulon	NA	chr3:128383794-128384794	67	84	+	14.7191	4.6e-06	NA	CTGGTGTGCCCAGGGCCC
Hsapiens-SwissRegulon-HIC2.SwissRegulon	NA	chr3:128383794-128384794	742	750	-	12.2022	9.5e-06	NA	GTGCCCGCC
Hsapiens-SwissRegulon-MAFA.SwissRegulon	NA	chr3:128383794-128384794	369	389	-	13.9438	7.78e-06	NA	AGGCTGTCTCTCCACCCTCCT
Hsapiens-SwissRegulon-MAFA.SwissRegulon	NA	chr3:128383794-128384794	677	697	+	13.9888	7.53e-06	NA	GTGCTCAGGACCCAGCATACA
Hsapiens-SwissRegulon-MAZ.SwissRegulon	NA	chr3:128383794-128384794	367	383	+	14.427	5.54e-06	NA	GGAGGAGGGTGGAGAGA
Hsapiens-SwissRegulon-MYOG.SwissRegulon	NA	chr3:128383794-128384794	605	617	-	14.8427	5.46e-06	NA	TGGCAGCTGGACC
Hsapiens-SwissRegulon-NFKB1.SwissRegulon	NA	chr3:128383794-128384794	518	528	-	16.3556	1.63e-06	NA	GGGGAAACCCC
Hsapiens-SwissRegulon-NFKB2.SwissRegulon	NA	chr3:128383794-128384794	517	529	+	17.2022	1.2e-06	NA	CGGGGTTTCCCCT
Hsapiens-SwissRegulon-NFKB2.SwissRegulon	NA	chr3:128383794-128384794	517	529	-	17.0787	1.32e-06	NA	AGGGGAAACCCCG
Hsapiens-SwissRegulon-NR1H4.SwissRegulon	NA	chr3:128383794-128384794	890	903	+	15.3222	2.77e-06	NA	CAAGGTCAAGAACT
Hsapiens-SwissRegulon-NR5A2.SwissRegulon	NA	chr3:128383794-128384794	888	897	+	15.4607	4.74e-06	NA	TCCAAGGTCA
Hsapiens-SwissRegulon-PML.SwissRegulon	NA	chr3:128383794-128384794	368	386	-	14.5506	4.77e-06	NA	CTGTCTCTCCACCCTCCTC
Hsapiens-SwissRegulon-REL.SwissRegulon	NA	chr3:128383794-128384794	517	526	+	13.7667	9.36e-06	NA	CGGGGTTTCC
